# core den 1208, base num 650, eff 0.5381, 99 events
param	cut	recovered	copy	other_genuine	fake	not_TC_eligible
PT5_NM	8	17	2	0	35	0
PT5_NM	9	57	13	1	119	0
PT5_NM	10	75	30	1	197	0
PT5_NM	11	111	250	2	446	0
PT5_NM	12	112	327	2	469	0
PT5_NM	13	119	1156	6	512	0
PT5_NM	14	119	1156	6	512	0
PT5_NM	15	119	1156	6	512	0
AB_NM	8	69	60	14	2171	0
AB_NM	9	361	2967	341	20436	0
AB_NM	10	448	33122	2900	362660	0
AB_NM	11	448	33122	2900	362660	0
BTC_NM	6	0	0	0	0	0
BTC_NM	7	0	0	1	4	1
BTC_NM	8	0	0	1	4	2
BTC_NM	9	0	0	1	4	2
BTC_NM	10	0	0	1	4	2
BTC_NM	11	0	0	1	4	2
BTC_DR2T	0.000794328	0	0	2	4	24
BTC_DR2T	0.000630957	2	0	2	12	49
BTC_DR2T	0.000501187	3	0	2	22	75
BTC_DR2T	0.0005	3	0	2	22	75
BTC_DR2T	0.000398107	4	0	2	26	105
BTC_DR2T	0.000316228	5	0	3	35	141
BTC_DR2T	0.000251189	6	0	3	42	163
BTC_DR2T	0.000199526	8	0	3	48	203
BTC_DR2T	0.000158489	8	0	3	55	235
BTC_DR2T	0.000125893	8	0	3	66	261
BTC_DR2T	0.0001	8	0	4	67	284
BTC_DR2T	7.94328e-05	8	0	5	70	300
BTC_DR2T	6.30957e-05	11	0	8	75	337
BTC_DR2T	5.01187e-05	11	0	8	79	365
BTC_DR2T	3.98107e-05	11	0	8	84	382
BTC_DR2T	3.16228e-05	11	0	8	88	397
BTC_DR2T	2.51189e-05	13	1	8	93	418
BTC_DR2T	1.99526e-05	13	1	8	97	429
BTC_DR2T	1.58489e-05	14	1	8	105	457
BTC_DR2T	1.25893e-05	16	1	8	106	475
BTC_DR2T	1e-05	16	1	9	110	484
BTC_DR2T	7.94328e-06	17	1	10	111	492
BTC_DR2T	6.30957e-06	17	1	10	115	500
BTC_DR2T	5.01187e-06	17	1	10	116	505
BTC_DR2T	3.98107e-06	17	1	10	117	508
BTC_DR2T	3.16228e-06	17	1	10	118	514
BTC_DR2T	2.51189e-06	17	1	10	118	525
BTC_DR2T	1.99526e-06	17	1	10	118	529
BTC_DR2T	1.58489e-06	17	1	10	119	535
BTC_DR2T	1.25893e-06	18	1	10	121	539
BTC_DR2T	1e-06	18	1	10	122	539
BTC_DR2T	0	20	1	13	304	765
BTC_D2L	0.794328	0	0	1	9	47
BTC_D2L	0.630957	0	1	3	22	106
BTC_D2L	0.501187	1	1	3	41	185
BTC_D2L	0.5	1	1	3	41	185
BTC_D2L	0.398107	2	1	4	64	259
BTC_D2L	0.316228	4	4	4	99	322
BTC_D2L	0.251189	5	4	5	127	409
BTC_D2L	0.25	5	4	5	129	412
BTC_D2L	0.199526	9	7	8	178	499
BTC_D2L	0.158489	12	7	11	258	620
BTC_D2L	0.125893	19	9	14	346	762
BTC_D2L	0.1	24	13	19	449	902
BTC_D2L	0.0794328	24	13	19	449	902
BTC_D2L	0.0630957	24	13	19	449	902
BTC_D2L	0.0501187	24	13	19	449	902
BTC_D2L	0.0398107	24	13	19	449	902
BTC_D2L	0.0316228	24	13	19	449	902
BTC_D2L	0.0251189	24	13	19	449	902
BTC_D2L	0.0199526	24	13	19	449	902
BTC_D2L	0.0158489	24	13	19	449	902
BTC_D2L	0.0125893	24	13	19	449	902
BTC_D2L	0.01	24	13	19	449	902
BTC_D2L	0.00794328	24	13	19	449	902
BTC_D2L	0.00630957	24	13	19	449	902
BTC_D2L	0.00501187	24	13	19	449	902
BTC_D2L	0.00398107	24	13	19	449	902
BTC_D2L	0.00316228	24	13	19	449	902
BTC_D2L	0.00251189	24	13	19	449	902
BTC_D2L	0.00199526	24	13	19	449	902
BTC_D2L	0.00158489	24	13	19	449	902
BTC_D2L	0.00125893	24	13	19	449	902
BTC_D2L	0.001	24	13	19	449	902
BTC_D2L	0	24	13	19	449	902
BTC_DR2L	0.0158866	0	0	0	0	0
BTC_DR2L	0.0126191	0	0	0	0	0
BTC_DR2L	0.0100237	0	0	0	0	1
BTC_DR2L	0.01	0	0	0	0	1
BTC_DR2L	0.00796214	0	0	0	0	1
BTC_DR2L	0.00632456	0	1	0	1	4
BTC_DR2L	0.00502377	0	1	0	1	6
BTC_DR2L	0.005	0	1	0	1	6
BTC_DR2L	0.00399052	0	1	0	1	7
BTC_DR2L	0.00316979	0	1	0	1	7
BTC_DR2L	0.00251785	0	1	0	2	10
BTC_DR2L	0.002	0	2	0	2	11
BTC_DR2L	0.00158866	0	2	1	2	13
BTC_DR2L	0.00126191	0	2	1	2	14
BTC_DR2L	0.00100237	0	2	1	3	16
BTC_DR2L	0.000796214	0	2	1	3	16
BTC_DR2L	0.000632456	0	2	1	3	16
BTC_DR2L	0.000502377	0	2	1	3	16
BTC_DR2L	0.000399052	0	2	1	3	16
BTC_DR2L	0.000316979	0	2	1	3	16
BTC_DR2L	0.000251785	0	2	1	3	16
BTC_DR2L	0.0002	0	2	1	3	16
BTC_DR2L	0.000158866	0	2	1	3	16
BTC_DR2L	0.000126191	0	2	1	3	16
BTC_DR2L	0.000100237	0	2	1	3	16
BTC_DR2L	7.96214e-05	0	2	1	3	16
BTC_DR2L	6.32456e-05	0	2	1	3	16
BTC_DR2L	5.02377e-05	0	2	1	3	16
BTC_DR2L	3.99052e-05	0	2	1	3	16
BTC_DR2L	3.16979e-05	0	2	1	3	16
BTC_DR2L	2.51785e-05	0	2	1	3	16
BTC_DR2L	2e-05	0	2	1	3	16
BTC_DR2L	0	0	2	1	3	16
BTC_D2T	0.0794328	0	0	0	1	4
BTC_D2T	0.0630957	0	0	0	2	7
BTC_D2T	0.0501187	0	1	1	2	8
BTC_D2T	0.05	0	1	1	2	8
BTC_D2T	0.0398107	0	1	1	2	9
BTC_D2T	0.0316228	0	1	1	2	10
BTC_D2T	0.0251189	0	2	1	2	12
BTC_D2T	0.025	0	2	1	2	12
BTC_D2T	0.0199526	0	2	1	2	12
BTC_D2T	0.0158489	0	2	1	2	14
BTC_D2T	0.0125893	0	2	1	2	14
BTC_D2T	0.01	0	2	1	2	15
BTC_D2T	0.00794328	0	2	1	2	16
BTC_D2T	0.00630957	0	2	1	2	16
BTC_D2T	0.00501187	0	2	1	2	16
BTC_D2T	0.00398107	0	2	1	2	16
BTC_D2T	0.00316228	0	2	1	3	16
BTC_D2T	0.00251189	0	2	1	3	16
BTC_D2T	0.00199526	0	2	1	3	16
BTC_D2T	0.00158489	0	2	1	3	16
BTC_D2T	0.00125893	0	2	1	3	16
BTC_D2T	0.001	0	2	1	3	16
BTC_D2T	0.000794328	0	2	1	3	16
BTC_D2T	0.000630957	0	2	1	3	16
BTC_D2T	0.000501187	0	2	1	3	16
BTC_D2T	0.000398107	0	2	1	3	16
BTC_D2T	0.000316228	0	2	1	3	16
BTC_D2T	0.000251189	0	2	1	3	16
BTC_D2T	0.000199526	0	2	1	3	16
BTC_D2T	0.000158489	0	2	1	3	16
BTC_D2T	0.000125893	0	2	1	3	16
BTC_D2T	0.0001	0	2	1	3	16
BTC_D2T	0	0	2	1	3	16
# funnel: den 1210, failures 559, union recovered 449
# bucket no_pLS	225	recoverable 177
# bucket pLS_flagged	92	recoverable 65
# bucket no_T5	33	recoverable 0
# bucket pair_failed	77	recoverable 75
# bucket pT5_all_killed	106	recoverable 106
# bucket pT5_survived	26	recoverable 26
