# core den 361, base num 124, eff 0.3435, 99 events
param	cut	recovered	copy	other_genuine	fake	not_TC_eligible
PT5_NM	8	4	2	0	3	0
PT5_NM	9	14	4	1	7	0
PT5_NM	10	23	9	1	14	0
PT5_NM	11	37	64	2	30	0
PT5_NM	12	38	87	2	30	0
PT5_NM	13	41	207	3	32	0
PT5_NM	14	41	207	3	32	0
PT5_NM	15	41	207	3	32	0
AB_NM	8	33	21	1	233	0
AB_NM	9	154	743	13	1976	0
AB_NM	10	194	12241	230	35317	0
AB_NM	11	194	12241	230	35317	0
BTC_NM	6	0	0	0	0	0
BTC_NM	7	0	0	0	0	0
BTC_NM	8	0	0	0	0	0
BTC_NM	9	0	0	0	0	0
BTC_NM	10	0	0	0	0	0
BTC_NM	11	0	0	0	0	0
BTC_DR2T	0.000794328	0	0	0	0	5
BTC_DR2T	0.000630957	0	0	0	0	6
BTC_DR2T	0.000501187	0	0	0	1	12
BTC_DR2T	0.0005	0	0	0	1	12
BTC_DR2T	0.000398107	1	0	0	1	17
BTC_DR2T	0.000316228	1	0	0	1	25
BTC_DR2T	0.000251189	1	0	0	2	27
BTC_DR2T	0.000199526	1	0	0	2	32
BTC_DR2T	0.000158489	1	0	0	2	32
BTC_DR2T	0.000125893	1	0	0	2	36
BTC_DR2T	0.0001	1	0	0	2	40
BTC_DR2T	7.94328e-05	1	0	0	2	43
BTC_DR2T	6.30957e-05	1	0	0	2	47
BTC_DR2T	5.01187e-05	1	0	0	3	54
BTC_DR2T	3.98107e-05	1	0	0	4	60
BTC_DR2T	3.16228e-05	1	0	0	4	62
BTC_DR2T	2.51189e-05	3	0	0	4	63
BTC_DR2T	1.99526e-05	3	0	0	4	65
BTC_DR2T	1.58489e-05	3	0	0	4	73
BTC_DR2T	1.25893e-05	5	0	0	4	78
BTC_DR2T	1e-05	5	0	0	4	78
BTC_DR2T	7.94328e-06	5	0	0	4	80
BTC_DR2T	6.30957e-06	5	0	0	6	81
BTC_DR2T	5.01187e-06	5	0	0	6	83
BTC_DR2T	3.98107e-06	5	0	0	6	83
BTC_DR2T	3.16228e-06	5	0	0	6	85
BTC_DR2T	2.51189e-06	5	0	0	6	87
BTC_DR2T	1.99526e-06	5	0	0	6	88
BTC_DR2T	1.58489e-06	5	0	0	6	89
BTC_DR2T	1.25893e-06	5	0	0	7	91
BTC_DR2T	1e-06	5	0	0	7	91
BTC_DR2T	0	6	0	0	17	121
BTC_D2L	0.794328	0	0	0	0	9
BTC_D2L	0.630957	0	1	0	0	17
BTC_D2L	0.501187	0	1	0	2	35
BTC_D2L	0.5	0	1	0	2	35
BTC_D2L	0.398107	0	1	0	3	51
BTC_D2L	0.316228	0	1	0	4	61
BTC_D2L	0.251189	1	1	0	5	74
BTC_D2L	0.25	1	1	0	5	74
BTC_D2L	0.199526	1	1	1	10	86
BTC_D2L	0.158489	2	1	1	19	104
BTC_D2L	0.125893	4	1	1	21	121
BTC_D2L	0.1	6	1	1	29	138
BTC_D2L	0.0794328	6	1	1	29	138
BTC_D2L	0.0630957	6	1	1	29	138
BTC_D2L	0.0501187	6	1	1	29	138
BTC_D2L	0.0398107	6	1	1	29	138
BTC_D2L	0.0316228	6	1	1	29	138
BTC_D2L	0.0251189	6	1	1	29	138
BTC_D2L	0.0199526	6	1	1	29	138
BTC_D2L	0.0158489	6	1	1	29	138
BTC_D2L	0.0125893	6	1	1	29	138
BTC_D2L	0.01	6	1	1	29	138
BTC_D2L	0.00794328	6	1	1	29	138
BTC_D2L	0.00630957	6	1	1	29	138
BTC_D2L	0.00501187	6	1	1	29	138
BTC_D2L	0.00398107	6	1	1	29	138
BTC_D2L	0.00316228	6	1	1	29	138
BTC_D2L	0.00251189	6	1	1	29	138
BTC_D2L	0.00199526	6	1	1	29	138
BTC_D2L	0.00158489	6	1	1	29	138
BTC_D2L	0.00125893	6	1	1	29	138
BTC_D2L	0.001	6	1	1	29	138
BTC_D2L	0	6	1	1	29	138
BTC_DR2L	0.0158866	0	0	0	0	0
BTC_DR2L	0.0126191	0	0	0	0	0
BTC_DR2L	0.0100237	0	0	0	0	1
BTC_DR2L	0.01	0	0	0	0	1
BTC_DR2L	0.00796214	0	0	0	0	1
BTC_DR2L	0.00632456	0	0	0	0	1
BTC_DR2L	0.00502377	0	0	0	0	1
BTC_DR2L	0.005	0	0	0	0	1
BTC_DR2L	0.00399052	0	0	0	0	1
BTC_DR2L	0.00316979	0	0	0	0	1
BTC_DR2L	0.00251785	0	0	0	0	1
BTC_DR2L	0.002	0	0	0	0	1
BTC_DR2L	0.00158866	0	0	0	0	1
BTC_DR2L	0.00126191	0	0	0	0	1
BTC_DR2L	0.00100237	0	0	0	0	1
BTC_DR2L	0.000796214	0	0	0	0	1
BTC_DR2L	0.000632456	0	0	0	0	1
BTC_DR2L	0.000502377	0	0	0	0	1
BTC_DR2L	0.000399052	0	0	0	0	1
BTC_DR2L	0.000316979	0	0	0	0	1
BTC_DR2L	0.000251785	0	0	0	0	1
BTC_DR2L	0.0002	0	0	0	0	1
BTC_DR2L	0.000158866	0	0	0	0	1
BTC_DR2L	0.000126191	0	0	0	0	1
BTC_DR2L	0.000100237	0	0	0	0	1
BTC_DR2L	7.96214e-05	0	0	0	0	1
BTC_DR2L	6.32456e-05	0	0	0	0	1
BTC_DR2L	5.02377e-05	0	0	0	0	1
BTC_DR2L	3.99052e-05	0	0	0	0	1
BTC_DR2L	3.16979e-05	0	0	0	0	1
BTC_DR2L	2.51785e-05	0	0	0	0	1
BTC_DR2L	2e-05	0	0	0	0	1
BTC_DR2L	0	0	0	0	0	1
BTC_D2T	0.0794328	0	0	0	0	0
BTC_D2T	0.0630957	0	0	0	0	0
BTC_D2T	0.0501187	0	0	0	0	0
BTC_D2T	0.05	0	0	0	0	0
BTC_D2T	0.0398107	0	0	0	0	1
BTC_D2T	0.0316228	0	0	0	0	1
BTC_D2T	0.0251189	0	0	0	0	1
BTC_D2T	0.025	0	0	0	0	1
BTC_D2T	0.0199526	0	0	0	0	1
BTC_D2T	0.0158489	0	0	0	0	1
BTC_D2T	0.0125893	0	0	0	0	1
BTC_D2T	0.01	0	0	0	0	1
BTC_D2T	0.00794328	0	0	0	0	1
BTC_D2T	0.00630957	0	0	0	0	1
BTC_D2T	0.00501187	0	0	0	0	1
BTC_D2T	0.00398107	0	0	0	0	1
BTC_D2T	0.00316228	0	0	0	0	1
BTC_D2T	0.00251189	0	0	0	0	1
BTC_D2T	0.00199526	0	0	0	0	1
BTC_D2T	0.00158489	0	0	0	0	1
BTC_D2T	0.00125893	0	0	0	0	1
BTC_D2T	0.001	0	0	0	0	1
BTC_D2T	0.000794328	0	0	0	0	1
BTC_D2T	0.000630957	0	0	0	0	1
BTC_D2T	0.000501187	0	0	0	0	1
BTC_D2T	0.000398107	0	0	0	0	1
BTC_D2T	0.000316228	0	0	0	0	1
BTC_D2T	0.000251189	0	0	0	0	1
BTC_D2T	0.000199526	0	0	0	0	1
BTC_D2T	0.000158489	0	0	0	0	1
BTC_D2T	0.000125893	0	0	0	0	1
BTC_D2T	0.0001	0	0	0	0	1
BTC_D2T	0	0	0	0	0	1
# funnel: den 361, failures 237, union recovered 194
# bucket no_pLS	101	recoverable 79
# bucket pLS_flagged	40	recoverable 27
# bucket no_T5	7	recoverable 0
# bucket pair_failed	42	recoverable 41
# bucket pT5_all_killed	35	recoverable 35
# bucket pT5_survived	12	recoverable 12
