param	scope	cut	recovered	extra_copy	gen_outside_den	fake	not_TC_elig
PT5_NM	all	9	82	57	12	1199	0
PT5_NM	all	11	178	1268	97	3848	0
PT5_NM	all	13	192	8843	447	4735	0
PT5_NM	all	14	192	8843	447	4735	0
PT5_NM	core	9	7	2	2	119	0
PT5_NM	core	11	14	25	13	446	0
PT5_NM	core	13	16	126	82	512	0
PT5_NM	core	14	16	126	82	512	0
AB_NM	all	8	92	105	217	21562	0
AB_NM	all	9	546	14329	6967	177445	0
AB_NM	core	8	11	1	16	2171	0
AB_NM	core	9	48	296	523	20436	0
BTC_NM	all	6	0	0	0	24	0
BTC_NM	all	7	0	1	11	111	4
BTC_NM	all	8	0	1	11	119	4
BTC_NM	all	10	0	3	16	126	8
BTC_NM	core	6	0	0	0	0	0
BTC_NM	core	7	0	0	1	5	0
BTC_NM	core	8	0	0	1	6	0
BTC_NM	core	10	0	0	1	6	0
BTC_DR2T	all	0.0005	9	0	66	608	147
BTC_DR2T	all	0.0	51	4	233	7627	874
BTC_DR2T	core	0.0005	0	0	2	38	13
BTC_DR2T	core	0.0	1	0	13	615	95
BTC_D2L	all	0.5	10	5	105	1509	331
BTC_D2L	all	0.25	24	17	258	4174	610
BTC_D2L	core	0.5	0	0	3	77	28
BTC_D2L	core	0.25	0	0	5	266	53
BTC_DR2L	all	0.01	0	0	3	17	1
BTC_DR2L	all	0.005	3	0	11	99	12
BTC_DR2L	core	0.01	0	0	0	1	0
BTC_DR2L	core	0.005	0	0	1	5	2
BTC_D2T	all	0.05	6	1	18	162	33
BTC_D2T	all	0.025	8	2	23	247	39
BTC_D2T	core	0.05	0	0	1	5	1
BTC_D2T	core	0.025	0	0	2	8	1
